case_id,field,metric,value,detail
c01_柳橙綠茶,is_food_label,correct,1,
c01_柳橙綠茶,name,exact,1,sim=1.00
c01_柳橙綠茶,brand,exact,1,sim=1.00
c01_柳橙綠茶,manufacturer,exact,1,sim=1.00
c01_柳橙綠茶,allergy_warning,exact,1,sim=1.00
c01_柳橙綠茶,ingredients_list,f1,1.0,tp=10 fp=0 fn=0
c01_柳橙綠茶,ingredients_flat,f1,0.947,tp=9 fp=0 fn=1
c01_柳橙綠茶,ingredients_raw,char_sim,1.0,
c01_柳橙綠茶,nutrition.calories,within_tol,1,
c01_柳橙綠茶,nutrition.protein,within_tol,1,
c01_柳橙綠茶,nutrition.fat,within_tol,1,
c01_柳橙綠茶,nutrition.saturated_fat,within_tol,1,
c01_柳橙綠茶,nutrition.trans_fat,within_tol,1,
c01_柳橙綠茶,nutrition.carbohydrates,within_tol,1,
c01_柳橙綠茶,nutrition.sugar,within_tol,1,
c01_柳橙綠茶,nutrition.sodium,within_tol,1,
c01_柳橙綠茶,per_serving.calories,within_tol,1,
c01_柳橙綠茶,per_serving.protein,within_tol,1,
c01_柳橙綠茶,per_serving.fat,within_tol,1,
c01_柳橙綠茶,per_serving.saturated_fat,within_tol,1,
c01_柳橙綠茶,per_serving.trans_fat,within_tol,1,
c01_柳橙綠茶,per_serving.carbohydrates,within_tol,1,
c01_柳橙綠茶,per_serving.sugar,within_tol,1,
c01_柳橙綠茶,per_serving.sodium,within_tol,1,
c01_柳橙綠茶,serving_size,within_tol,1,
c01_柳橙綠茶,servings_per_container,within_tol,1,
c01_柳橙綠茶,certification_marks,f1,1.0,
c02_濃豆漿,is_food_label,correct,1,
c02_濃豆漿,name,exact,0,sim=0.56
c02_濃豆漿,brand,exact,1,sim=1.00
c02_濃豆漿,manufacturer,exact,1,sim=1.00
c02_濃豆漿,allergy_warning,exact,0,sim=1.00
c02_濃豆漿,ingredients_list,f1,1.0,tp=2 fp=0 fn=0
c02_濃豆漿,ingredients_flat,f1,1.0,tp=1 fp=0 fn=0
c02_濃豆漿,ingredients_raw,char_sim,1.0,
c02_濃豆漿,nutrition.calories,within_tol,1,
c02_濃豆漿,nutrition.protein,within_tol,1,
c02_濃豆漿,nutrition.fat,within_tol,1,
c02_濃豆漿,nutrition.saturated_fat,within_tol,1,
c02_濃豆漿,nutrition.trans_fat,within_tol,1,
c02_濃豆漿,nutrition.carbohydrates,within_tol,1,
c02_濃豆漿,nutrition.sugar,within_tol,1,
c02_濃豆漿,nutrition.fiber,within_tol,1,
c02_濃豆漿,nutrition.sodium,within_tol,1,
c02_濃豆漿,per_serving.calories,within_tol,1,
c02_濃豆漿,per_serving.protein,within_tol,1,
c02_濃豆漿,per_serving.fat,within_tol,1,
c02_濃豆漿,per_serving.saturated_fat,within_tol,1,
c02_濃豆漿,per_serving.trans_fat,within_tol,1,
c02_濃豆漿,per_serving.carbohydrates,within_tol,1,
c02_濃豆漿,per_serving.sugar,within_tol,1,
c02_濃豆漿,per_serving.fiber,within_tol,1,
c02_濃豆漿,per_serving.sodium,within_tol,1,
c02_濃豆漿,serving_size,within_tol,1,
c02_濃豆漿,servings_per_container,within_tol,1,
c02_濃豆漿,certification_marks,f1,1.0,
c03_厚奶茶,is_food_label,correct,1,
c03_厚奶茶,name,exact,1,sim=1.00
c03_厚奶茶,brand,exact,0,sim=0.40
c03_厚奶茶,manufacturer,exact,0,sim=0.00
c03_厚奶茶,allergy_warning,exact,0,sim=0.31
c03_厚奶茶,ingredients_list,f1,1.0,tp=6 fp=0 fn=0
c03_厚奶茶,ingredients_flat,f1,1.0,tp=5 fp=0 fn=0
c03_厚奶茶,ingredients_raw,char_sim,1.0,
c03_厚奶茶,nutrition.calories,within_tol,1,
c03_厚奶茶,nutrition.protein,within_tol,1,
c03_厚奶茶,nutrition.fat,within_tol,1,
c03_厚奶茶,nutrition.saturated_fat,within_tol,1,
c03_厚奶茶,nutrition.trans_fat,within_tol,1,
c03_厚奶茶,nutrition.carbohydrates,within_tol,1,
c03_厚奶茶,nutrition.sugar,within_tol,1,
c03_厚奶茶,nutrition.sodium,within_tol,1,
c03_厚奶茶,per_serving.calories,within_tol,1,
c03_厚奶茶,per_serving.protein,within_tol,1,
c03_厚奶茶,per_serving.fat,within_tol,1,
c03_厚奶茶,per_serving.saturated_fat,within_tol,1,
c03_厚奶茶,per_serving.trans_fat,within_tol,1,
c03_厚奶茶,per_serving.carbohydrates,within_tol,1,
c03_厚奶茶,per_serving.sugar,within_tol,1,
c03_厚奶茶,per_serving.sodium,within_tol,1,
c03_厚奶茶,serving_size,within_tol,1,
c03_厚奶茶,servings_per_container,within_tol,1,
c04_比菲多,is_food_label,correct,1,
c04_比菲多,name,exact,1,sim=1.00
c04_比菲多,allergy_warning,exact,0,sim=0.80
c04_比菲多,ingredients_list,f1,0.875,tp=7 fp=1 fn=1
c04_比菲多,ingredients_flat,f1,0.8,tp=6 fp=1 fn=2
c04_比菲多,ingredients_raw,char_sim,0.621,
c04_比菲多,nutrition.calories,within_tol,1,
c04_比菲多,nutrition.protein,within_tol,1,
c04_比菲多,nutrition.fat,within_tol,1,
c04_比菲多,nutrition.saturated_fat,within_tol,1,
c04_比菲多,nutrition.trans_fat,within_tol,1,
c04_比菲多,nutrition.carbohydrates,within_tol,1,
c04_比菲多,nutrition.sugar,within_tol,1,
c04_比菲多,nutrition.sodium,within_tol,1,
c04_比菲多,per_serving.calories,within_tol,1,
c04_比菲多,per_serving.protein,within_tol,1,
c04_比菲多,per_serving.fat,within_tol,1,
c04_比菲多,per_serving.saturated_fat,within_tol,1,
c04_比菲多,per_serving.trans_fat,within_tol,1,
c04_比菲多,per_serving.carbohydrates,within_tol,1,
c04_比菲多,per_serving.sugar,within_tol,1,
c04_比菲多,per_serving.sodium,within_tol,1,
c04_比菲多,serving_size,within_tol,1,
c04_比菲多,servings_per_container,within_tol,1,
c06_奶茶,is_food_label,correct,1,
c06_奶茶,name,exact,1,sim=1.00
c06_奶茶,brand,exact,1,sim=1.00
c06_奶茶,manufacturer,exact,1,sim=1.00
c06_奶茶,allergy_warning,exact,1,sim=1.00
c06_奶茶,ingredients_list,f1,1.0,tp=6 fp=0 fn=0
c06_奶茶,ingredients_flat,f1,1.0,tp=5 fp=0 fn=0
c06_奶茶,ingredients_raw,char_sim,1.0,
c06_奶茶,nutrition.calories,within_tol,1,
c06_奶茶,nutrition.protein,within_tol,1,
c06_奶茶,nutrition.fat,within_tol,1,
c06_奶茶,nutrition.saturated_fat,within_tol,1,
c06_奶茶,nutrition.trans_fat,within_tol,1,
c06_奶茶,nutrition.carbohydrates,within_tol,1,
c06_奶茶,nutrition.sugar,within_tol,1,
c06_奶茶,nutrition.sodium,within_tol,1,
c06_奶茶,per_serving.calories,within_tol,1,
c06_奶茶,per_serving.protein,within_tol,1,
c06_奶茶,per_serving.fat,within_tol,1,
c06_奶茶,per_serving.saturated_fat,within_tol,1,
c06_奶茶,per_serving.trans_fat,within_tol,1,
c06_奶茶,per_serving.carbohydrates,within_tol,1,
c06_奶茶,per_serving.sugar,within_tol,1,
c06_奶茶,per_serving.sodium,within_tol,1,
c06_奶茶,serving_size,within_tol,1,
c06_奶茶,servings_per_container,within_tol,1,
c07_綠奶茶,is_food_label,correct,1,
c07_綠奶茶,name,exact,0,sim=0.75
c07_綠奶茶,brand,exact,1,sim=1.00
c07_綠奶茶,manufacturer,exact,1,sim=1.00
c07_綠奶茶,allergy_warning,exact,0,sim=0.58
c07_綠奶茶,ingredients_list,f1,0.526,tp=5 fp=6 fn=3
c07_綠奶茶,ingredients_flat,f1,0.591,tp=13 fp=11 fn=7
c07_綠奶茶,ingredients_raw,char_sim,0.548,
c07_綠奶茶,nutrition.calories,within_tol,1,
c07_綠奶茶,nutrition.protein,within_tol,1,
c07_綠奶茶,nutrition.fat,within_tol,1,
c07_綠奶茶,nutrition.saturated_fat,within_tol,1,
c07_綠奶茶,nutrition.trans_fat,within_tol,1,
c07_綠奶茶,nutrition.carbohydrates,within_tol,1,
c07_綠奶茶,nutrition.sugar,within_tol,1,
c07_綠奶茶,nutrition.sodium,within_tol,1,
c07_綠奶茶,per_serving.calories,within_tol,1,
c07_綠奶茶,per_serving.protein,within_tol,1,
c07_綠奶茶,per_serving.fat,within_tol,1,
c07_綠奶茶,per_serving.saturated_fat,within_tol,1,
c07_綠奶茶,per_serving.trans_fat,within_tol,1,
c07_綠奶茶,per_serving.carbohydrates,within_tol,1,
c07_綠奶茶,per_serving.sugar,within_tol,1,
c07_綠奶茶,per_serving.sodium,within_tol,1,
c07_綠奶茶,serving_size,within_tol,1,
c07_綠奶茶,servings_per_container,within_tol,1,
c07_綠奶茶,certification_marks,f1,0.667,
c13_紅茶,is_food_label,correct,1,
c13_紅茶,name,exact,1,sim=1.00
c13_紅茶,brand,exact,1,sim=1.00
c13_紅茶,manufacturer,exact,1,sim=1.00
c13_紅茶,allergy_warning,exact,1,sim=1.00
c13_紅茶,ingredients_list,f1,1.0,tp=7 fp=0 fn=0
c13_紅茶,ingredients_flat,f1,1.0,tp=7 fp=0 fn=0
c13_紅茶,ingredients_raw,char_sim,1.0,
c13_紅茶,nutrition.calories,within_tol,1,
c13_紅茶,nutrition.protein,within_tol,1,
c13_紅茶,nutrition.fat,within_tol,1,
c13_紅茶,nutrition.saturated_fat,within_tol,1,
c13_紅茶,nutrition.trans_fat,within_tol,1,
c13_紅茶,nutrition.carbohydrates,within_tol,1,
c13_紅茶,nutrition.sugar,within_tol,1,
c13_紅茶,nutrition.sodium,within_tol,1,
c13_紅茶,per_serving.calories,within_tol,1,
c13_紅茶,per_serving.protein,within_tol,1,
c13_紅茶,per_serving.fat,within_tol,1,
c13_紅茶,per_serving.saturated_fat,within_tol,1,
c13_紅茶,per_serving.trans_fat,within_tol,1,
c13_紅茶,per_serving.carbohydrates,within_tol,1,
c13_紅茶,per_serving.sugar,within_tol,1,
c13_紅茶,per_serving.sodium,within_tol,1,
c13_紅茶,serving_size,within_tol,1,
c13_紅茶,servings_per_container,within_tol,1,
c13_紅茶,certification_marks,f1,1.0,
c14_鮮乳,is_food_label,correct,1,
c14_鮮乳,name,exact,0,sim=0.82
c14_鮮乳,brand,exact,1,sim=1.00
c14_鮮乳,manufacturer,exact,1,sim=1.00
c14_鮮乳,allergy_warning,exact,1,sim=1.00
c14_鮮乳,ingredients_list,f1,1.0,tp=1 fp=0 fn=0
c14_鮮乳,ingredients_flat,f1,1.0,tp=1 fp=0 fn=0
c14_鮮乳,ingredients_raw,char_sim,1.0,
c14_鮮乳,nutrition.calories,within_tol,1,
c14_鮮乳,nutrition.protein,within_tol,1,
c14_鮮乳,nutrition.fat,within_tol,1,
c14_鮮乳,nutrition.saturated_fat,within_tol,1,
c14_鮮乳,nutrition.trans_fat,within_tol,1,
c14_鮮乳,nutrition.carbohydrates,within_tol,1,
c14_鮮乳,nutrition.sugar,within_tol,1,
c14_鮮乳,nutrition.sodium,within_tol,1,
c14_鮮乳,per_serving.calories,within_tol,1,
c14_鮮乳,per_serving.protein,within_tol,1,
c14_鮮乳,per_serving.fat,within_tol,1,
c14_鮮乳,per_serving.saturated_fat,within_tol,1,
c14_鮮乳,per_serving.trans_fat,within_tol,1,
c14_鮮乳,per_serving.carbohydrates,within_tol,1,
c14_鮮乳,per_serving.sugar,within_tol,1,
c14_鮮乳,per_serving.sodium,within_tol,1,
c14_鮮乳,serving_size,within_tol,1,
c14_鮮乳,servings_per_container,within_tol,1,
c14_鮮乳,certification_marks,f1,1.0,
c15_木瓜牛乳,is_food_label,correct,1,
c15_木瓜牛乳,name,exact,1,sim=1.00
c15_木瓜牛乳,brand,exact,1,sim=1.00
c15_木瓜牛乳,manufacturer,exact,1,sim=1.00
c15_木瓜牛乳,allergy_warning,exact,1,sim=1.00
c15_木瓜牛乳,ingredients_list,f1,0.87,tp=10 fp=2 fn=1
c15_木瓜牛乳,ingredients_flat,f1,1.0,tp=16 fp=0 fn=0
c15_木瓜牛乳,ingredients_raw,char_sim,1.0,
c15_木瓜牛乳,nutrition.calories,within_tol,1,
c15_木瓜牛乳,nutrition.protein,within_tol,1,
c15_木瓜牛乳,nutrition.fat,within_tol,1,
c15_木瓜牛乳,nutrition.saturated_fat,within_tol,1,
c15_木瓜牛乳,nutrition.trans_fat,within_tol,1,
c15_木瓜牛乳,nutrition.carbohydrates,within_tol,1,
c15_木瓜牛乳,nutrition.sugar,within_tol,1,
c15_木瓜牛乳,nutrition.sodium,within_tol,1,
c15_木瓜牛乳,per_serving.calories,within_tol,1,
c15_木瓜牛乳,per_serving.protein,within_tol,1,
c15_木瓜牛乳,per_serving.fat,within_tol,1,
c15_木瓜牛乳,per_serving.saturated_fat,within_tol,1,
c15_木瓜牛乳,per_serving.trans_fat,within_tol,1,
c15_木瓜牛乳,per_serving.carbohydrates,within_tol,1,
c15_木瓜牛乳,per_serving.sugar,within_tol,1,
c15_木瓜牛乳,per_serving.sodium,within_tol,1,
c15_木瓜牛乳,serving_size,within_tol,1,
c15_木瓜牛乳,servings_per_container,within_tol,1,
c17_三合一咖啡,is_food_label,correct,1,
c17_三合一咖啡,name,exact,1,sim=1.00
c17_三合一咖啡,brand,exact,0,sim=0.27
c17_三合一咖啡,manufacturer,exact,1,sim=1.00
c17_三合一咖啡,allergy_warning,exact,1,sim=1.00
c17_三合一咖啡,ingredients_list,f1,0.625,tp=5 fp=6 fn=0
c17_三合一咖啡,ingredients_flat,f1,1.0,tp=11 fp=0 fn=0
c17_三合一咖啡,ingredients_raw,char_sim,1.0,
c17_三合一咖啡,nutrition.calories,within_tol,1,
c17_三合一咖啡,nutrition.protein,within_tol,1,
c17_三合一咖啡,nutrition.fat,within_tol,1,
c17_三合一咖啡,nutrition.saturated_fat,within_tol,1,
c17_三合一咖啡,nutrition.trans_fat,within_tol,1,
c17_三合一咖啡,nutrition.carbohydrates,within_tol,1,
c17_三合一咖啡,nutrition.sugar,within_tol,1,
c17_三合一咖啡,nutrition.sodium,within_tol,1,
c17_三合一咖啡,per_serving.calories,within_tol,1,
c17_三合一咖啡,per_serving.protein,within_tol,1,
c17_三合一咖啡,per_serving.fat,within_tol,1,
c17_三合一咖啡,per_serving.saturated_fat,within_tol,1,
c17_三合一咖啡,per_serving.trans_fat,within_tol,1,
c17_三合一咖啡,per_serving.carbohydrates,within_tol,1,
c17_三合一咖啡,per_serving.sugar,within_tol,1,
c17_三合一咖啡,per_serving.sodium,within_tol,1,
c17_三合一咖啡,serving_size,within_tol,1,
c17_三合一咖啡,servings_per_container,within_tol,1,
c24_優質蛋白奶-堅果杏仁,is_food_label,correct,1,
c24_優質蛋白奶-堅果杏仁,name,exact,0,sim=0.08
c24_優質蛋白奶-堅果杏仁,brand,exact,0,sim=0.00
c24_優質蛋白奶-堅果杏仁,manufacturer,exact,0,sim=0.38
c24_優質蛋白奶-堅果杏仁,allergy_warning,exact,0,sim=0.27
c24_優質蛋白奶-堅果杏仁,ingredients_list,f1,0.187,tp=3 fp=8 fn=18
c24_優質蛋白奶-堅果杏仁,ingredients_flat,f1,0.093,tp=2 fp=13 fn=26
c24_優質蛋白奶-堅果杏仁,ingredients_raw,char_sim,0.133,
c24_優質蛋白奶-堅果杏仁,nutrition.calories,within_tol,0,
c24_優質蛋白奶-堅果杏仁,nutrition.protein,within_tol,0,
c24_優質蛋白奶-堅果杏仁,nutrition.fat,within_tol,0,
c24_優質蛋白奶-堅果杏仁,nutrition.saturated_fat,within_tol,1,
c24_優質蛋白奶-堅果杏仁,nutrition.trans_fat,within_tol,1,
c24_優質蛋白奶-堅果杏仁,nutrition.carbohydrates,within_tol,0,
c24_優質蛋白奶-堅果杏仁,nutrition.sugar,within_tol,1,
c24_優質蛋白奶-堅果杏仁,nutrition.sodium,within_tol,0,
c24_優質蛋白奶-堅果杏仁,per_serving.calories,within_tol,0,
c24_優質蛋白奶-堅果杏仁,per_serving.protein,within_tol,0,
c24_優質蛋白奶-堅果杏仁,per_serving.fat,within_tol,0,
c24_優質蛋白奶-堅果杏仁,per_serving.saturated_fat,within_tol,0,
c24_優質蛋白奶-堅果杏仁,per_serving.trans_fat,within_tol,1,
c24_優質蛋白奶-堅果杏仁,per_serving.carbohydrates,within_tol,0,
c24_優質蛋白奶-堅果杏仁,per_serving.sugar,within_tol,0,
c24_優質蛋白奶-堅果杏仁,per_serving.sodium,within_tol,0,
c24_優質蛋白奶-堅果杏仁,serving_size,within_tol,0,
c24_優質蛋白奶-堅果杏仁,servings_per_container,within_tol,1,
c24_優質蛋白奶-堅果杏仁,certification_marks,f1,0.0,
c25_優質蛋白奶-無加糖燕麥,is_food_label,correct,1,
c25_優質蛋白奶-無加糖燕麥,name,exact,0,sim=0.83
c25_優質蛋白奶-無加糖燕麥,brand,exact,1,sim=1.00
c25_優質蛋白奶-無加糖燕麥,manufacturer,exact,1,sim=1.00
c25_優質蛋白奶-無加糖燕麥,allergy_warning,exact,0,sim=0.92
c25_優質蛋白奶-無加糖燕麥,ingredients_list,f1,0.857,tp=6 fp=1 fn=1
c25_優質蛋白奶-無加糖燕麥,ingredients_flat,f1,0.857,tp=6 fp=1 fn=1
c25_優質蛋白奶-無加糖燕麥,ingredients_raw,char_sim,0.944,
c25_優質蛋白奶-無加糖燕麥,nutrition.calories,within_tol,1,
c25_優質蛋白奶-無加糖燕麥,nutrition.protein,within_tol,1,
c25_優質蛋白奶-無加糖燕麥,nutrition.fat,within_tol,1,
c25_優質蛋白奶-無加糖燕麥,nutrition.saturated_fat,within_tol,1,
c25_優質蛋白奶-無加糖燕麥,nutrition.trans_fat,within_tol,1,
c25_優質蛋白奶-無加糖燕麥,nutrition.carbohydrates,within_tol,1,
c25_優質蛋白奶-無加糖燕麥,nutrition.sugar,within_tol,1,
c25_優質蛋白奶-無加糖燕麥,nutrition.sodium,within_tol,1,
c25_優質蛋白奶-無加糖燕麥,per_serving.calories,within_tol,1,
c25_優質蛋白奶-無加糖燕麥,per_serving.protein,within_tol,1,
c25_優質蛋白奶-無加糖燕麥,per_serving.fat,within_tol,1,
c25_優質蛋白奶-無加糖燕麥,per_serving.saturated_fat,within_tol,1,
c25_優質蛋白奶-無加糖燕麥,per_serving.trans_fat,within_tol,1,
c25_優質蛋白奶-無加糖燕麥,per_serving.carbohydrates,within_tol,1,
c25_優質蛋白奶-無加糖燕麥,per_serving.sugar,within_tol,1,
c25_優質蛋白奶-無加糖燕麥,per_serving.sodium,within_tol,1,
c25_優質蛋白奶-無加糖燕麥,serving_size,within_tol,1,
c25_優質蛋白奶-無加糖燕麥,servings_per_container,within_tol,1,
c26_冰鎮芭樂綠茶,is_food_label,correct,1,
c26_冰鎮芭樂綠茶,name,exact,1,sim=1.00
c26_冰鎮芭樂綠茶,brand,exact,1,sim=1.00
c26_冰鎮芭樂綠茶,manufacturer,exact,1,sim=1.00
c26_冰鎮芭樂綠茶,allergy_warning,exact,0,sim=1.00
c26_冰鎮芭樂綠茶,ingredients_list,f1,1.0,tp=8 fp=0 fn=0
c26_冰鎮芭樂綠茶,ingredients_flat,f1,1.0,tp=8 fp=0 fn=0
c26_冰鎮芭樂綠茶,ingredients_raw,char_sim,0.148,
c26_冰鎮芭樂綠茶,nutrition.calories,within_tol,1,
c26_冰鎮芭樂綠茶,nutrition.protein,within_tol,1,
c26_冰鎮芭樂綠茶,nutrition.fat,within_tol,1,
c26_冰鎮芭樂綠茶,nutrition.saturated_fat,within_tol,1,
c26_冰鎮芭樂綠茶,nutrition.trans_fat,within_tol,1,
c26_冰鎮芭樂綠茶,nutrition.carbohydrates,within_tol,1,
c26_冰鎮芭樂綠茶,nutrition.sugar,within_tol,1,
c26_冰鎮芭樂綠茶,nutrition.sodium,within_tol,1,
c26_冰鎮芭樂綠茶,per_serving.calories,within_tol,1,
c26_冰鎮芭樂綠茶,per_serving.protein,within_tol,1,
c26_冰鎮芭樂綠茶,per_serving.fat,within_tol,1,
c26_冰鎮芭樂綠茶,per_serving.saturated_fat,within_tol,1,
c26_冰鎮芭樂綠茶,per_serving.trans_fat,within_tol,1,
c26_冰鎮芭樂綠茶,per_serving.carbohydrates,within_tol,1,
c26_冰鎮芭樂綠茶,per_serving.sugar,within_tol,1,
c26_冰鎮芭樂綠茶,per_serving.sodium,within_tol,1,
c26_冰鎮芭樂綠茶,serving_size,within_tol,1,
c26_冰鎮芭樂綠茶,servings_per_container,within_tol,1,
c26_冰鎮芭樂綠茶,certification_marks,f1,1.0,
c27_冰鎮葡萄鮮冰茶,is_food_label,correct,1,
c27_冰鎮葡萄鮮冰茶,name,exact,1,sim=1.00
c27_冰鎮葡萄鮮冰茶,brand,exact,0,sim=0.00
c27_冰鎮葡萄鮮冰茶,manufacturer,exact,1,sim=1.00
c27_冰鎮葡萄鮮冰茶,allergy_warning,exact,0,sim=1.00
c27_冰鎮葡萄鮮冰茶,ingredients_list,f1,1.0,tp=8 fp=0 fn=0
c27_冰鎮葡萄鮮冰茶,ingredients_flat,f1,1.0,tp=7 fp=0 fn=0
c27_冰鎮葡萄鮮冰茶,ingredients_raw,char_sim,1.0,
c27_冰鎮葡萄鮮冰茶,nutrition.calories,within_tol,1,
c27_冰鎮葡萄鮮冰茶,nutrition.protein,within_tol,1,
c27_冰鎮葡萄鮮冰茶,nutrition.fat,within_tol,1,
c27_冰鎮葡萄鮮冰茶,nutrition.saturated_fat,within_tol,1,
c27_冰鎮葡萄鮮冰茶,nutrition.trans_fat,within_tol,1,
c27_冰鎮葡萄鮮冰茶,nutrition.carbohydrates,within_tol,1,
c27_冰鎮葡萄鮮冰茶,nutrition.sugar,within_tol,1,
c27_冰鎮葡萄鮮冰茶,nutrition.sodium,within_tol,1,
c27_冰鎮葡萄鮮冰茶,per_serving.calories,within_tol,1,
c27_冰鎮葡萄鮮冰茶,per_serving.protein,within_tol,1,
c27_冰鎮葡萄鮮冰茶,per_serving.fat,within_tol,1,
c27_冰鎮葡萄鮮冰茶,per_serving.saturated_fat,within_tol,1,
c27_冰鎮葡萄鮮冰茶,per_serving.trans_fat,within_tol,1,
c27_冰鎮葡萄鮮冰茶,per_serving.carbohydrates,within_tol,1,
c27_冰鎮葡萄鮮冰茶,per_serving.sugar,within_tol,1,
c27_冰鎮葡萄鮮冰茶,per_serving.sodium,within_tol,1,
c27_冰鎮葡萄鮮冰茶,serving_size,within_tol,1,
c27_冰鎮葡萄鮮冰茶,servings_per_container,within_tol,1,
c27_冰鎮葡萄鮮冰茶,certification_marks,f1,1.0,
c29_可口可樂,is_food_label,correct,1,
c29_可口可樂,name,exact,0,sim=0.60
c29_可口可樂,brand,exact,0,sim=0.00
c29_可口可樂,manufacturer,exact,0,sim=0.52
c29_可口可樂,ingredients_list,f1,1.0,tp=7 fp=0 fn=0
c29_可口可樂,ingredients_flat,f1,1.0,tp=7 fp=0 fn=0
c29_可口可樂,ingredients_raw,char_sim,0.224,
c29_可口可樂,per_serving.calories,within_tol,1,
c29_可口可樂,per_serving.protein,within_tol,1,
c29_可口可樂,per_serving.fat,within_tol,1,
c29_可口可樂,per_serving.saturated_fat,within_tol,1,
c29_可口可樂,per_serving.trans_fat,within_tol,1,
c29_可口可樂,per_serving.carbohydrates,within_tol,1,
c29_可口可樂,per_serving.sugar,within_tol,1,
c29_可口可樂,per_serving.sodium,within_tol,0,
c29_可口可樂,serving_size,within_tol,1,
c29_可口可樂,servings_per_container,within_tol,1,
c29_可口可樂,certification_marks,f1,1.0,
c47_麥香奶茶,is_food_label,correct,1,
c47_麥香奶茶,name,exact,1,sim=1.00
c47_麥香奶茶,brand,exact,1,sim=1.00
c47_麥香奶茶,manufacturer,exact,1,sim=1.00
c47_麥香奶茶,allergy_warning,exact,0,sim=0.72
c47_麥香奶茶,ingredients_list,f1,1.0,tp=10 fp=0 fn=0
c47_麥香奶茶,ingredients_flat,f1,1.0,tp=10 fp=0 fn=0
c47_麥香奶茶,ingredients_raw,char_sim,0.615,
c47_麥香奶茶,nutrition.calories,within_tol,1,
c47_麥香奶茶,nutrition.protein,within_tol,1,
c47_麥香奶茶,nutrition.fat,within_tol,1,
c47_麥香奶茶,nutrition.saturated_fat,within_tol,1,
c47_麥香奶茶,nutrition.trans_fat,within_tol,1,
c47_麥香奶茶,nutrition.carbohydrates,within_tol,1,
c47_麥香奶茶,nutrition.sugar,within_tol,1,
c47_麥香奶茶,nutrition.sodium,within_tol,1,
c47_麥香奶茶,per_serving.calories,within_tol,1,
c47_麥香奶茶,per_serving.protein,within_tol,1,
c47_麥香奶茶,per_serving.fat,within_tol,1,
c47_麥香奶茶,per_serving.saturated_fat,within_tol,1,
c47_麥香奶茶,per_serving.trans_fat,within_tol,1,
c47_麥香奶茶,per_serving.carbohydrates,within_tol,1,
c47_麥香奶茶,per_serving.sugar,within_tol,1,
c47_麥香奶茶,per_serving.sodium,within_tol,1,
c47_麥香奶茶,serving_size,within_tol,1,
c47_麥香奶茶,servings_per_container,within_tol,1,
c47_麥香奶茶,certification_marks,f1,1.0,
c48_麥香紅茶,is_food_label,correct,1,
c48_麥香紅茶,name,exact,0,sim=0.67
c48_麥香紅茶,brand,exact,0,sim=0.00
c48_麥香紅茶,manufacturer,exact,1,sim=1.00
c48_麥香紅茶,allergy_warning,exact,0,sim=0.79
c48_麥香紅茶,ingredients_list,f1,0.8,tp=8 fp=2 fn=2
c48_麥香紅茶,ingredients_flat,f1,0.818,tp=9 fp=2 fn=2
c48_麥香紅茶,ingredients_raw,char_sim,0.875,
c48_麥香紅茶,nutrition.calories,within_tol,1,
c48_麥香紅茶,nutrition.protein,within_tol,1,
c48_麥香紅茶,nutrition.fat,within_tol,1,
c48_麥香紅茶,nutrition.saturated_fat,within_tol,1,
c48_麥香紅茶,nutrition.trans_fat,within_tol,1,
c48_麥香紅茶,nutrition.carbohydrates,within_tol,1,
c48_麥香紅茶,nutrition.sugar,within_tol,1,
c48_麥香紅茶,nutrition.sodium,within_tol,1,
c48_麥香紅茶,per_serving.calories,within_tol,1,
c48_麥香紅茶,per_serving.protein,within_tol,0,
c48_麥香紅茶,per_serving.fat,within_tol,0,
c48_麥香紅茶,per_serving.saturated_fat,within_tol,1,
c48_麥香紅茶,per_serving.trans_fat,within_tol,1,
c48_麥香紅茶,per_serving.carbohydrates,within_tol,1,
c48_麥香紅茶,per_serving.sugar,within_tol,1,
c48_麥香紅茶,per_serving.sodium,within_tol,1,
c48_麥香紅茶,serving_size,within_tol,1,
c48_麥香紅茶,servings_per_container,within_tol,1,
c48_麥香紅茶,certification_marks,f1,1.0,
c49_麥香綠茶,is_food_label,correct,1,
c49_麥香綠茶,name,exact,0,sim=0.43
c49_麥香綠茶,brand,exact,0,sim=0.00
c49_麥香綠茶,manufacturer,exact,1,sim=1.00
c49_麥香綠茶,allergy_warning,exact,0,sim=0.79
c49_麥香綠茶,ingredients_list,f1,0.875,tp=7 fp=1 fn=1
c49_麥香綠茶,ingredients_flat,f1,0.875,tp=7 fp=1 fn=1
c49_麥香綠茶,ingredients_raw,char_sim,0.9,
c49_麥香綠茶,nutrition.calories,within_tol,1,
c49_麥香綠茶,nutrition.protein,within_tol,1,
c49_麥香綠茶,nutrition.fat,within_tol,1,
c49_麥香綠茶,nutrition.saturated_fat,within_tol,1,
c49_麥香綠茶,nutrition.trans_fat,within_tol,1,
c49_麥香綠茶,nutrition.carbohydrates,within_tol,1,
c49_麥香綠茶,nutrition.sugar,within_tol,1,
c49_麥香綠茶,nutrition.sodium,within_tol,0,
c49_麥香綠茶,per_serving.calories,within_tol,1,
c49_麥香綠茶,per_serving.protein,within_tol,1,
c49_麥香綠茶,per_serving.fat,within_tol,1,
c49_麥香綠茶,per_serving.saturated_fat,within_tol,1,
c49_麥香綠茶,per_serving.trans_fat,within_tol,1,
c49_麥香綠茶,per_serving.carbohydrates,within_tol,1,
c49_麥香綠茶,per_serving.sugar,within_tol,1,
c49_麥香綠茶,per_serving.sodium,within_tol,1,
c49_麥香綠茶,serving_size,within_tol,1,
c49_麥香綠茶,servings_per_container,within_tol,1,
c49_麥香綠茶,certification_marks,f1,1.0,
c41_綠巨人珍珠玉米,is_food_label,correct,1,
c41_綠巨人珍珠玉米,name,exact,1,sim=1.00
c41_綠巨人珍珠玉米,brand,exact,1,sim=1.00
c41_綠巨人珍珠玉米,manufacturer,exact,1,sim=1.00
c41_綠巨人珍珠玉米,ingredients_list,f1,1.0,tp=4 fp=0 fn=0
c41_綠巨人珍珠玉米,ingredients_flat,f1,1.0,tp=1 fp=0 fn=0
c41_綠巨人珍珠玉米,ingredients_raw,char_sim,1.0,
c41_綠巨人珍珠玉米,nutrition.calories,within_tol,1,
c41_綠巨人珍珠玉米,nutrition.protein,within_tol,1,
c41_綠巨人珍珠玉米,nutrition.fat,within_tol,1,
c41_綠巨人珍珠玉米,nutrition.saturated_fat,within_tol,1,
c41_綠巨人珍珠玉米,nutrition.trans_fat,within_tol,1,
c41_綠巨人珍珠玉米,nutrition.carbohydrates,within_tol,1,
c41_綠巨人珍珠玉米,nutrition.sugar,within_tol,1,
c41_綠巨人珍珠玉米,nutrition.fiber,within_tol,1,
c41_綠巨人珍珠玉米,nutrition.sodium,within_tol,1,
c41_綠巨人珍珠玉米,per_serving.calories,within_tol,1,
c41_綠巨人珍珠玉米,per_serving.protein,within_tol,1,
c41_綠巨人珍珠玉米,per_serving.fat,within_tol,1,
c41_綠巨人珍珠玉米,per_serving.saturated_fat,within_tol,1,
c41_綠巨人珍珠玉米,per_serving.trans_fat,within_tol,1,
c41_綠巨人珍珠玉米,per_serving.carbohydrates,within_tol,1,
c41_綠巨人珍珠玉米,per_serving.sugar,within_tol,1,
c41_綠巨人珍珠玉米,per_serving.fiber,within_tol,1,
c41_綠巨人珍珠玉米,per_serving.sodium,within_tol,1,
c41_綠巨人珍珠玉米,serving_size,within_tol,1,
c41_綠巨人珍珠玉米,servings_per_container,within_tol,1,
c36_滿漢大餐酸菜白肉拌麵,is_food_label,correct,1,
c36_滿漢大餐酸菜白肉拌麵,name,exact,1,sim=1.00
c36_滿漢大餐酸菜白肉拌麵,brand,exact,1,sim=1.00
c36_滿漢大餐酸菜白肉拌麵,manufacturer,exact,0,sim=0.20
c36_滿漢大餐酸菜白肉拌麵,allergy_warning,exact,0,sim=0.66
c36_滿漢大餐酸菜白肉拌麵,ingredients_list,f1,0.5,tp=8 fp=8 fn=8
c36_滿漢大餐酸菜白肉拌麵,ingredients_flat,f1,0.462,tp=6 fp=7 fn=7
c36_滿漢大餐酸菜白肉拌麵,ingredients_raw,char_sim,0.358,
c36_滿漢大餐酸菜白肉拌麵,nutrition.calories,within_tol,1,
c36_滿漢大餐酸菜白肉拌麵,nutrition.protein,within_tol,1,
c36_滿漢大餐酸菜白肉拌麵,nutrition.fat,within_tol,1,
c36_滿漢大餐酸菜白肉拌麵,nutrition.saturated_fat,within_tol,1,
c36_滿漢大餐酸菜白肉拌麵,nutrition.trans_fat,within_tol,1,
c36_滿漢大餐酸菜白肉拌麵,nutrition.carbohydrates,within_tol,1,
c36_滿漢大餐酸菜白肉拌麵,nutrition.sugar,within_tol,1,
c36_滿漢大餐酸菜白肉拌麵,nutrition.sodium,within_tol,1,
c36_滿漢大餐酸菜白肉拌麵,per_serving.calories,within_tol,1,
c36_滿漢大餐酸菜白肉拌麵,per_serving.protein,within_tol,1,
c36_滿漢大餐酸菜白肉拌麵,per_serving.fat,within_tol,1,
c36_滿漢大餐酸菜白肉拌麵,per_serving.saturated_fat,within_tol,1,
c36_滿漢大餐酸菜白肉拌麵,per_serving.trans_fat,within_tol,1,
c36_滿漢大餐酸菜白肉拌麵,per_serving.carbohydrates,within_tol,1,
c36_滿漢大餐酸菜白肉拌麵,per_serving.sugar,within_tol,1,
c36_滿漢大餐酸菜白肉拌麵,per_serving.sodium,within_tol,1,
c36_滿漢大餐酸菜白肉拌麵,serving_size,within_tol,1,
c36_滿漢大餐酸菜白肉拌麵,servings_per_container,within_tol,1,
c05_非食品,is_food_label,correct,1,
c08_椰香綠咖哩嫩雞飯,is_food_label,correct,1,
c08_椰香綠咖哩嫩雞飯,name,exact,0,sim=0.69
c08_椰香綠咖哩嫩雞飯,brand,exact,0,sim=0.62
c08_椰香綠咖哩嫩雞飯,manufacturer,exact,0,sim=0.70
c08_椰香綠咖哩嫩雞飯,allergy_warning,exact,1,sim=1.00
c08_椰香綠咖哩嫩雞飯,ingredients_list,f1,1.0,tp=24 fp=0 fn=0
c08_椰香綠咖哩嫩雞飯,ingredients_flat,f1,1.0,tp=18 fp=0 fn=0
c08_椰香綠咖哩嫩雞飯,ingredients_raw,char_sim,0.714,
c08_椰香綠咖哩嫩雞飯,nutrition.calories,within_tol,1,
c08_椰香綠咖哩嫩雞飯,nutrition.protein,within_tol,1,
c08_椰香綠咖哩嫩雞飯,nutrition.fat,within_tol,1,
c08_椰香綠咖哩嫩雞飯,nutrition.saturated_fat,within_tol,1,
c08_椰香綠咖哩嫩雞飯,nutrition.trans_fat,within_tol,1,
c08_椰香綠咖哩嫩雞飯,nutrition.carbohydrates,within_tol,1,
c08_椰香綠咖哩嫩雞飯,nutrition.sugar,within_tol,1,
c08_椰香綠咖哩嫩雞飯,nutrition.sodium,within_tol,1,
c08_椰香綠咖哩嫩雞飯,per_serving.calories,within_tol,1,
c08_椰香綠咖哩嫩雞飯,per_serving.protein,within_tol,1,
c08_椰香綠咖哩嫩雞飯,per_serving.fat,within_tol,1,
c08_椰香綠咖哩嫩雞飯,per_serving.saturated_fat,within_tol,1,
c08_椰香綠咖哩嫩雞飯,per_serving.trans_fat,within_tol,1,
c08_椰香綠咖哩嫩雞飯,per_serving.carbohydrates,within_tol,1,
c08_椰香綠咖哩嫩雞飯,per_serving.sugar,within_tol,1,
c08_椰香綠咖哩嫩雞飯,per_serving.sodium,within_tol,1,
c08_椰香綠咖哩嫩雞飯,serving_size,within_tol,1,
c08_椰香綠咖哩嫩雞飯,servings_per_container,within_tol,1,
c09_麻婆豆腐燴飯,is_food_label,correct,1,
c09_麻婆豆腐燴飯,name,exact,1,sim=1.00
c09_麻婆豆腐燴飯,manufacturer,exact,0,sim=0.73
c09_麻婆豆腐燴飯,allergy_warning,exact,1,sim=1.00
c09_麻婆豆腐燴飯,ingredients_list,f1,0.8,tp=20 fp=6 fn=4
c09_麻婆豆腐燴飯,ingredients_flat,f1,0.957,tp=44 fp=1 fn=3
c09_麻婆豆腐燴飯,ingredients_raw,char_sim,0.597,
c09_麻婆豆腐燴飯,nutrition.calories,within_tol,1,
c09_麻婆豆腐燴飯,nutrition.protein,within_tol,1,
c09_麻婆豆腐燴飯,nutrition.fat,within_tol,1,
c09_麻婆豆腐燴飯,nutrition.saturated_fat,within_tol,1,
c09_麻婆豆腐燴飯,nutrition.trans_fat,within_tol,1,
c09_麻婆豆腐燴飯,nutrition.carbohydrates,within_tol,1,
c09_麻婆豆腐燴飯,nutrition.sugar,within_tol,1,
c09_麻婆豆腐燴飯,nutrition.sodium,within_tol,1,
c09_麻婆豆腐燴飯,per_serving.calories,within_tol,1,
c09_麻婆豆腐燴飯,per_serving.protein,within_tol,1,
c09_麻婆豆腐燴飯,per_serving.fat,within_tol,1,
c09_麻婆豆腐燴飯,per_serving.saturated_fat,within_tol,1,
c09_麻婆豆腐燴飯,per_serving.trans_fat,within_tol,1,
c09_麻婆豆腐燴飯,per_serving.carbohydrates,within_tol,1,
c09_麻婆豆腐燴飯,per_serving.sugar,within_tol,1,
c09_麻婆豆腐燴飯,per_serving.sodium,within_tol,1,
c09_麻婆豆腐燴飯,serving_size,within_tol,1,
c09_麻婆豆腐燴飯,servings_per_container,within_tol,1,
c10_鮮蔬烤雞三明治,is_food_label,correct,1,
c10_鮮蔬烤雞三明治,name,exact,0,sim=0.60
c10_鮮蔬烤雞三明治,brand,exact,1,sim=1.00
c10_鮮蔬烤雞三明治,ingredients_list,f1,0.133,tp=3 fp=36 fn=3
c10_鮮蔬烤雞三明治,ingredients_flat,f1,0.914,tp=32 fp=3 fn=3
c10_鮮蔬烤雞三明治,ingredients_raw,char_sim,0.42,
c10_鮮蔬烤雞三明治,nutrition.calories,within_tol,1,
c10_鮮蔬烤雞三明治,nutrition.protein,within_tol,1,
c10_鮮蔬烤雞三明治,nutrition.fat,within_tol,1,
c10_鮮蔬烤雞三明治,nutrition.saturated_fat,within_tol,1,
c10_鮮蔬烤雞三明治,nutrition.trans_fat,within_tol,1,
c10_鮮蔬烤雞三明治,nutrition.carbohydrates,within_tol,1,
c10_鮮蔬烤雞三明治,nutrition.sugar,within_tol,1,
c10_鮮蔬烤雞三明治,nutrition.sodium,within_tol,1,
c10_鮮蔬烤雞三明治,per_serving.calories,within_tol,1,
c10_鮮蔬烤雞三明治,per_serving.protein,within_tol,1,
c10_鮮蔬烤雞三明治,per_serving.fat,within_tol,1,
c10_鮮蔬烤雞三明治,per_serving.saturated_fat,within_tol,1,
c10_鮮蔬烤雞三明治,per_serving.trans_fat,within_tol,1,
c10_鮮蔬烤雞三明治,per_serving.carbohydrates,within_tol,1,
c10_鮮蔬烤雞三明治,per_serving.sugar,within_tol,1,
c10_鮮蔬烤雞三明治,per_serving.sodium,within_tol,1,
c10_鮮蔬烤雞三明治,serving_size,within_tol,1,
c10_鮮蔬烤雞三明治,servings_per_container,within_tol,1,
c11_大飯糰椒香鮪魚,is_food_label,correct,1,
c11_大飯糰椒香鮪魚,name,exact,1,sim=1.00
c11_大飯糰椒香鮪魚,brand,exact,1,sim=1.00
c11_大飯糰椒香鮪魚,manufacturer,exact,0,sim=0.20
c11_大飯糰椒香鮪魚,allergy_warning,exact,1,sim=1.00
c11_大飯糰椒香鮪魚,ingredients_list,f1,0.927,tp=38 fp=1 fn=5
c11_大飯糰椒香鮪魚,ingredients_flat,f1,0.976,tp=41 fp=0 fn=2
c11_大飯糰椒香鮪魚,ingredients_raw,char_sim,0.822,
c11_大飯糰椒香鮪魚,per_serving.calories,within_tol,1,
c11_大飯糰椒香鮪魚,serving_size,within_tol,1,
c12_肉鬆御飯糰,is_food_label,correct,1,
c12_肉鬆御飯糰,name,exact,0,sim=0.33
c12_肉鬆御飯糰,brand,exact,1,sim=1.00
c12_肉鬆御飯糰,manufacturer,exact,0,sim=0.25
c12_肉鬆御飯糰,ingredients_list,f1,0.857,tp=6 fp=1 fn=1
c12_肉鬆御飯糰,ingredients_flat,f1,0.938,tp=15 fp=1 fn=1
c12_肉鬆御飯糰,ingredients_raw,char_sim,0.733,
c12_肉鬆御飯糰,per_serving.calories,within_tol,1,
c12_肉鬆御飯糰,certification_marks,f1,1.0,
c30_吉士豬肉堡加蛋,is_food_label,correct,1,
c30_吉士豬肉堡加蛋,name,exact,1,sim=1.00
c30_吉士豬肉堡加蛋,brand,exact,1,sim=1.00
c30_吉士豬肉堡加蛋,manufacturer,exact,0,sim=0.26
c30_吉士豬肉堡加蛋,allergy_warning,exact,0,sim=0.71
c30_吉士豬肉堡加蛋,ingredients_list,f1,0.093,tp=4 fp=74 fn=4
c30_吉士豬肉堡加蛋,ingredients_flat,f1,0.256,tp=17 fp=69 fn=30
c30_吉士豬肉堡加蛋,ingredients_raw,char_sim,0.343,
c30_吉士豬肉堡加蛋,nutrition.calories,within_tol,1,
c30_吉士豬肉堡加蛋,nutrition.protein,within_tol,1,
c30_吉士豬肉堡加蛋,nutrition.fat,within_tol,1,
c30_吉士豬肉堡加蛋,nutrition.saturated_fat,within_tol,1,
c30_吉士豬肉堡加蛋,nutrition.trans_fat,within_tol,1,
c30_吉士豬肉堡加蛋,nutrition.carbohydrates,within_tol,1,
c30_吉士豬肉堡加蛋,nutrition.sugar,within_tol,1,
c30_吉士豬肉堡加蛋,nutrition.sodium,within_tol,1,
c30_吉士豬肉堡加蛋,per_serving.calories,within_tol,1,
c30_吉士豬肉堡加蛋,per_serving.protein,within_tol,1,
c30_吉士豬肉堡加蛋,per_serving.fat,within_tol,1,
c30_吉士豬肉堡加蛋,per_serving.saturated_fat,within_tol,1,
c30_吉士豬肉堡加蛋,per_serving.trans_fat,within_tol,1,
c30_吉士豬肉堡加蛋,per_serving.carbohydrates,within_tol,1,
c30_吉士豬肉堡加蛋,per_serving.sugar,within_tol,1,
c30_吉士豬肉堡加蛋,per_serving.sodium,within_tol,1,
c30_吉士豬肉堡加蛋,serving_size,within_tol,1,
c30_吉士豬肉堡加蛋,servings_per_container,within_tol,1,
c31_增雞蛋白餐,is_food_label,correct,1,
c31_增雞蛋白餐,name,exact,0,sim=0.83
c31_增雞蛋白餐,manufacturer,exact,0,sim=0.70
c31_增雞蛋白餐,allergy_warning,exact,0,sim=0.91
c31_增雞蛋白餐,ingredients_list,f1,0.698,tp=22 fp=8 fn=11
c31_增雞蛋白餐,ingredients_flat,f1,0.654,tp=17 fp=8 fn=10
c31_增雞蛋白餐,ingredients_raw,char_sim,0.589,
c31_增雞蛋白餐,nutrition.calories,within_tol,1,
c31_增雞蛋白餐,nutrition.protein,within_tol,1,
c31_增雞蛋白餐,nutrition.fat,within_tol,1,
c31_增雞蛋白餐,nutrition.saturated_fat,within_tol,1,
c31_增雞蛋白餐,nutrition.trans_fat,within_tol,1,
c31_增雞蛋白餐,nutrition.carbohydrates,within_tol,1,
c31_增雞蛋白餐,nutrition.sugar,within_tol,1,
c31_增雞蛋白餐,nutrition.sodium,within_tol,0,
c31_增雞蛋白餐,per_serving.calories,within_tol,1,
c31_增雞蛋白餐,per_serving.protein,within_tol,1,
c31_增雞蛋白餐,per_serving.fat,within_tol,1,
c31_增雞蛋白餐,per_serving.saturated_fat,within_tol,1,
c31_增雞蛋白餐,per_serving.trans_fat,within_tol,1,
c31_增雞蛋白餐,per_serving.carbohydrates,within_tol,1,
c31_增雞蛋白餐,per_serving.sugar,within_tol,1,
c31_增雞蛋白餐,per_serving.sodium,within_tol,1,
c31_增雞蛋白餐,serving_size,within_tol,1,
c31_增雞蛋白餐,servings_per_container,within_tol,1,
c34_日式佛蒙特咖哩雞肉飯,is_food_label,correct,1,
c34_日式佛蒙特咖哩雞肉飯,name,exact,1,sim=1.00
c34_日式佛蒙特咖哩雞肉飯,brand,exact,1,sim=1.00
c34_日式佛蒙特咖哩雞肉飯,manufacturer,exact,0,sim=0.73
c34_日式佛蒙特咖哩雞肉飯,allergy_warning,exact,0,sim=0.90
c34_日式佛蒙特咖哩雞肉飯,ingredients_list,f1,1.0,tp=14 fp=0 fn=0
c34_日式佛蒙特咖哩雞肉飯,ingredients_flat,f1,1.0,tp=13 fp=0 fn=0
c34_日式佛蒙特咖哩雞肉飯,ingredients_raw,char_sim,0.949,
c34_日式佛蒙特咖哩雞肉飯,nutrition.calories,within_tol,1,
c34_日式佛蒙特咖哩雞肉飯,nutrition.protein,within_tol,1,
c34_日式佛蒙特咖哩雞肉飯,nutrition.fat,within_tol,1,
c34_日式佛蒙特咖哩雞肉飯,nutrition.saturated_fat,within_tol,1,
c34_日式佛蒙特咖哩雞肉飯,nutrition.trans_fat,within_tol,1,
c34_日式佛蒙特咖哩雞肉飯,nutrition.carbohydrates,within_tol,1,
c34_日式佛蒙特咖哩雞肉飯,nutrition.sugar,within_tol,1,
c34_日式佛蒙特咖哩雞肉飯,nutrition.sodium,within_tol,1,
c34_日式佛蒙特咖哩雞肉飯,per_serving.calories,within_tol,1,
c34_日式佛蒙特咖哩雞肉飯,per_serving.protein,within_tol,1,
c34_日式佛蒙特咖哩雞肉飯,per_serving.fat,within_tol,1,
c34_日式佛蒙特咖哩雞肉飯,per_serving.saturated_fat,within_tol,1,
c34_日式佛蒙特咖哩雞肉飯,per_serving.trans_fat,within_tol,1,
c34_日式佛蒙特咖哩雞肉飯,per_serving.carbohydrates,within_tol,1,
c34_日式佛蒙特咖哩雞肉飯,per_serving.sugar,within_tol,1,
c34_日式佛蒙特咖哩雞肉飯,per_serving.sodium,within_tol,1,
c34_日式佛蒙特咖哩雞肉飯,serving_size,within_tol,1,
c34_日式佛蒙特咖哩雞肉飯,servings_per_container,within_tol,1,
c35_極饕-真飽經典麻醬涼麵,is_food_label,correct,1,
c35_極饕-真飽經典麻醬涼麵,name,exact,1,sim=1.00
c35_極饕-真飽經典麻醬涼麵,manufacturer,exact,1,sim=1.00
c35_極饕-真飽經典麻醬涼麵,allergy_warning,exact,1,sim=1.00
c35_極饕-真飽經典麻醬涼麵,ingredients_list,f1,0.057,tp=2 fp=59 fn=7
c35_極饕-真飽經典麻醬涼麵,ingredients_flat,f1,0.351,tp=20 fp=38 fn=36
c35_極饕-真飽經典麻醬涼麵,ingredients_raw,char_sim,0.477,
c35_極饕-真飽經典麻醬涼麵,nutrition.calories,within_tol,1,
c35_極饕-真飽經典麻醬涼麵,nutrition.protein,within_tol,1,
c35_極饕-真飽經典麻醬涼麵,nutrition.fat,within_tol,1,
c35_極饕-真飽經典麻醬涼麵,nutrition.saturated_fat,within_tol,1,
c35_極饕-真飽經典麻醬涼麵,nutrition.trans_fat,within_tol,1,
c35_極饕-真飽經典麻醬涼麵,nutrition.carbohydrates,within_tol,1,
c35_極饕-真飽經典麻醬涼麵,nutrition.sugar,within_tol,1,
c35_極饕-真飽經典麻醬涼麵,nutrition.sodium,within_tol,1,
c35_極饕-真飽經典麻醬涼麵,per_serving.calories,within_tol,1,
c35_極饕-真飽經典麻醬涼麵,per_serving.protein,within_tol,1,
c35_極饕-真飽經典麻醬涼麵,per_serving.fat,within_tol,1,
c35_極饕-真飽經典麻醬涼麵,per_serving.saturated_fat,within_tol,1,
c35_極饕-真飽經典麻醬涼麵,per_serving.trans_fat,within_tol,1,
c35_極饕-真飽經典麻醬涼麵,per_serving.carbohydrates,within_tol,1,
c35_極饕-真飽經典麻醬涼麵,per_serving.sugar,within_tol,1,
c35_極饕-真飽經典麻醬涼麵,per_serving.sodium,within_tol,1,
c35_極饕-真飽經典麻醬涼麵,serving_size,within_tol,1,
c35_極饕-真飽經典麻醬涼麵,servings_per_container,within_tol,1,
c37_爆蛋流心豬肉堡,is_food_label,correct,1,
c37_爆蛋流心豬肉堡,name,exact,1,sim=1.00
c37_爆蛋流心豬肉堡,brand,exact,1,sim=1.00
c37_爆蛋流心豬肉堡,manufacturer,exact,0,sim=0.73
c37_爆蛋流心豬肉堡,allergy_warning,exact,0,sim=0.89
c37_爆蛋流心豬肉堡,ingredients_list,f1,0.071,tp=2 fp=42 fn=10
c37_爆蛋流心豬肉堡,ingredients_flat,f1,0.281,tp=26 fp=55 fn=78
c37_爆蛋流心豬肉堡,ingredients_raw,char_sim,0.423,
c37_爆蛋流心豬肉堡,nutrition.calories,within_tol,1,
c37_爆蛋流心豬肉堡,nutrition.protein,within_tol,1,
c37_爆蛋流心豬肉堡,nutrition.fat,within_tol,1,
c37_爆蛋流心豬肉堡,nutrition.saturated_fat,within_tol,1,
c37_爆蛋流心豬肉堡,nutrition.trans_fat,within_tol,1,
c37_爆蛋流心豬肉堡,nutrition.carbohydrates,within_tol,1,
c37_爆蛋流心豬肉堡,nutrition.sugar,within_tol,1,
c37_爆蛋流心豬肉堡,nutrition.sodium,within_tol,1,
c37_爆蛋流心豬肉堡,per_serving.calories,within_tol,1,
c37_爆蛋流心豬肉堡,per_serving.protein,within_tol,1,
c37_爆蛋流心豬肉堡,per_serving.fat,within_tol,1,
c37_爆蛋流心豬肉堡,per_serving.saturated_fat,within_tol,1,
c37_爆蛋流心豬肉堡,per_serving.trans_fat,within_tol,1,
c37_爆蛋流心豬肉堡,per_serving.carbohydrates,within_tol,1,
c37_爆蛋流心豬肉堡,per_serving.sugar,within_tol,1,
c37_爆蛋流心豬肉堡,per_serving.sodium,within_tol,1,
c37_爆蛋流心豬肉堡,serving_size,within_tol,1,
c37_爆蛋流心豬肉堡,servings_per_container,within_tol,1,
c39_米香-三杯雞燴飯,is_food_label,correct,1,
c39_米香-三杯雞燴飯,name,exact,1,sim=1.00
c39_米香-三杯雞燴飯,brand,exact,1,sim=1.00
c39_米香-三杯雞燴飯,manufacturer,exact,1,sim=1.00
c39_米香-三杯雞燴飯,allergy_warning,exact,0,sim=0.95
c39_米香-三杯雞燴飯,ingredients_list,f1,0.625,tp=15 fp=6 fn=12
c39_米香-三杯雞燴飯,ingredients_flat,f1,0.632,tp=12 fp=4 fn=10
c39_米香-三杯雞燴飯,ingredients_raw,char_sim,0.646,
c39_米香-三杯雞燴飯,nutrition.calories,within_tol,1,
c39_米香-三杯雞燴飯,nutrition.protein,within_tol,1,
c39_米香-三杯雞燴飯,nutrition.fat,within_tol,1,
c39_米香-三杯雞燴飯,nutrition.saturated_fat,within_tol,1,
c39_米香-三杯雞燴飯,nutrition.trans_fat,within_tol,1,
c39_米香-三杯雞燴飯,nutrition.carbohydrates,within_tol,1,
c39_米香-三杯雞燴飯,nutrition.sugar,within_tol,1,
c39_米香-三杯雞燴飯,nutrition.sodium,within_tol,1,
c39_米香-三杯雞燴飯,per_serving.calories,within_tol,1,
c39_米香-三杯雞燴飯,per_serving.protein,within_tol,1,
c39_米香-三杯雞燴飯,per_serving.fat,within_tol,1,
c39_米香-三杯雞燴飯,per_serving.saturated_fat,within_tol,1,
c39_米香-三杯雞燴飯,per_serving.trans_fat,within_tol,1,
c39_米香-三杯雞燴飯,per_serving.carbohydrates,within_tol,1,
c39_米香-三杯雞燴飯,per_serving.sugar,within_tol,1,
c39_米香-三杯雞燴飯,per_serving.sodium,within_tol,1,
c39_米香-三杯雞燴飯,serving_size,within_tol,1,
c39_米香-三杯雞燴飯,servings_per_container,within_tol,1,
c40_米香-催淚蛋親子丼飯,is_food_label,correct,1,
c40_米香-催淚蛋親子丼飯,name,exact,1,sim=1.00
c40_米香-催淚蛋親子丼飯,brand,exact,1,sim=1.00
c40_米香-催淚蛋親子丼飯,manufacturer,exact,1,sim=1.00
c40_米香-催淚蛋親子丼飯,allergy_warning,exact,0,sim=0.73
c40_米香-催淚蛋親子丼飯,ingredients_list,f1,0.658,tp=25 fp=13 fn=13
c40_米香-催淚蛋親子丼飯,ingredients_flat,f1,0.647,tp=22 fp=14 fn=10
c40_米香-催淚蛋親子丼飯,ingredients_raw,char_sim,0.547,
c40_米香-催淚蛋親子丼飯,nutrition.calories,within_tol,1,
c40_米香-催淚蛋親子丼飯,nutrition.protein,within_tol,1,
c40_米香-催淚蛋親子丼飯,nutrition.fat,within_tol,1,
c40_米香-催淚蛋親子丼飯,nutrition.saturated_fat,within_tol,1,
c40_米香-催淚蛋親子丼飯,nutrition.trans_fat,within_tol,1,
c40_米香-催淚蛋親子丼飯,nutrition.carbohydrates,within_tol,1,
c40_米香-催淚蛋親子丼飯,nutrition.sugar,within_tol,1,
c40_米香-催淚蛋親子丼飯,nutrition.sodium,within_tol,1,
c40_米香-催淚蛋親子丼飯,per_serving.calories,within_tol,1,
c40_米香-催淚蛋親子丼飯,per_serving.protein,within_tol,1,
c40_米香-催淚蛋親子丼飯,per_serving.fat,within_tol,1,
c40_米香-催淚蛋親子丼飯,per_serving.saturated_fat,within_tol,1,
c40_米香-催淚蛋親子丼飯,per_serving.trans_fat,within_tol,1,
c40_米香-催淚蛋親子丼飯,per_serving.carbohydrates,within_tol,1,
c40_米香-催淚蛋親子丼飯,per_serving.sugar,within_tol,1,
c40_米香-催淚蛋親子丼飯,per_serving.sodium,within_tol,1,
c40_米香-催淚蛋親子丼飯,serving_size,within_tol,1,
c40_米香-催淚蛋親子丼飯,servings_per_container,within_tol,1,
c42_蔥鹽炙燒豬肉便當,is_food_label,correct,1,
c42_蔥鹽炙燒豬肉便當,name,exact,0,sim=0.60
c42_蔥鹽炙燒豬肉便當,brand,exact,1,sim=1.00
c42_蔥鹽炙燒豬肉便當,manufacturer,exact,0,sim=0.73
c42_蔥鹽炙燒豬肉便當,allergy_warning,exact,0,sim=0.76
c42_蔥鹽炙燒豬肉便當,ingredients_list,f1,0.408,tp=10 fp=16 fn=13
c42_蔥鹽炙燒豬肉便當,ingredients_flat,f1,0.294,tp=10 fp=39 fn=9
c42_蔥鹽炙燒豬肉便當,ingredients_raw,char_sim,0.265,
c42_蔥鹽炙燒豬肉便當,nutrition.calories,within_tol,1,
c42_蔥鹽炙燒豬肉便當,nutrition.protein,within_tol,1,
c42_蔥鹽炙燒豬肉便當,nutrition.fat,within_tol,1,
c42_蔥鹽炙燒豬肉便當,nutrition.saturated_fat,within_tol,1,
c42_蔥鹽炙燒豬肉便當,nutrition.trans_fat,within_tol,1,
c42_蔥鹽炙燒豬肉便當,nutrition.carbohydrates,within_tol,1,
c42_蔥鹽炙燒豬肉便當,nutrition.sugar,within_tol,1,
c42_蔥鹽炙燒豬肉便當,nutrition.sodium,within_tol,1,
c42_蔥鹽炙燒豬肉便當,per_serving.calories,within_tol,1,
c42_蔥鹽炙燒豬肉便當,per_serving.protein,within_tol,1,
c42_蔥鹽炙燒豬肉便當,per_serving.fat,within_tol,1,
c42_蔥鹽炙燒豬肉便當,per_serving.saturated_fat,within_tol,1,
c42_蔥鹽炙燒豬肉便當,per_serving.trans_fat,within_tol,1,
c42_蔥鹽炙燒豬肉便當,per_serving.carbohydrates,within_tol,1,
c42_蔥鹽炙燒豬肉便當,per_serving.sugar,within_tol,1,
c42_蔥鹽炙燒豬肉便當,per_serving.sodium,within_tol,1,
c42_蔥鹽炙燒豬肉便當,serving_size,within_tol,1,
c42_蔥鹽炙燒豬肉便當,servings_per_container,within_tol,1,
c43_藤椒風味烤雞便當,is_food_label,correct,1,
c43_藤椒風味烤雞便當,name,exact,1,sim=1.00
c43_藤椒風味烤雞便當,brand,exact,1,sim=1.00
c43_藤椒風味烤雞便當,manufacturer,exact,1,sim=1.00
c43_藤椒風味烤雞便當,allergy_warning,exact,1,sim=1.00
c43_藤椒風味烤雞便當,ingredients_list,f1,0.522,tp=6 fp=4 fn=7
c43_藤椒風味烤雞便當,ingredients_flat,f1,0.421,tp=4 fp=5 fn=6
c43_藤椒風味烤雞便當,ingredients_raw,char_sim,0.464,
c43_藤椒風味烤雞便當,nutrition.calories,within_tol,1,
c43_藤椒風味烤雞便當,nutrition.protein,within_tol,1,
c43_藤椒風味烤雞便當,nutrition.fat,within_tol,1,
c43_藤椒風味烤雞便當,nutrition.saturated_fat,within_tol,1,
c43_藤椒風味烤雞便當,nutrition.trans_fat,within_tol,1,
c43_藤椒風味烤雞便當,nutrition.carbohydrates,within_tol,1,
c43_藤椒風味烤雞便當,nutrition.sugar,within_tol,1,
c43_藤椒風味烤雞便當,nutrition.sodium,within_tol,1,
c43_藤椒風味烤雞便當,per_serving.calories,within_tol,1,
c43_藤椒風味烤雞便當,per_serving.protein,within_tol,1,
c43_藤椒風味烤雞便當,per_serving.fat,within_tol,1,
c43_藤椒風味烤雞便當,per_serving.saturated_fat,within_tol,1,
c43_藤椒風味烤雞便當,per_serving.trans_fat,within_tol,1,
c43_藤椒風味烤雞便當,per_serving.carbohydrates,within_tol,1,
c43_藤椒風味烤雞便當,per_serving.sugar,within_tol,1,
c43_藤椒風味烤雞便當,per_serving.sodium,within_tol,1,
c43_藤椒風味烤雞便當,serving_size,within_tol,1,
c43_藤椒風味烤雞便當,servings_per_container,within_tol,1,
c44_酸菜白肉個人鍋,is_food_label,correct,1,
c44_酸菜白肉個人鍋,name,exact,1,sim=1.00
c44_酸菜白肉個人鍋,manufacturer,exact,1,sim=1.00
c44_酸菜白肉個人鍋,allergy_warning,exact,0,sim=0.48
c44_酸菜白肉個人鍋,ingredients_list,f1,0.203,tp=6 fp=31 fn=16
c44_酸菜白肉個人鍋,ingredients_flat,f1,0.596,tp=31 fp=10 fn=32
c44_酸菜白肉個人鍋,ingredients_raw,char_sim,0.5,
c44_酸菜白肉個人鍋,nutrition.calories,within_tol,1,
c44_酸菜白肉個人鍋,nutrition.protein,within_tol,1,
c44_酸菜白肉個人鍋,nutrition.fat,within_tol,1,
c44_酸菜白肉個人鍋,nutrition.saturated_fat,within_tol,1,
c44_酸菜白肉個人鍋,nutrition.trans_fat,within_tol,1,
c44_酸菜白肉個人鍋,nutrition.carbohydrates,within_tol,1,
c44_酸菜白肉個人鍋,nutrition.sugar,within_tol,1,
c44_酸菜白肉個人鍋,nutrition.sodium,within_tol,1,
c44_酸菜白肉個人鍋,per_serving.calories,within_tol,1,
c44_酸菜白肉個人鍋,per_serving.protein,within_tol,1,
c44_酸菜白肉個人鍋,per_serving.fat,within_tol,1,
c44_酸菜白肉個人鍋,per_serving.saturated_fat,within_tol,1,
c44_酸菜白肉個人鍋,per_serving.trans_fat,within_tol,1,
c44_酸菜白肉個人鍋,per_serving.carbohydrates,within_tol,1,
c44_酸菜白肉個人鍋,per_serving.sugar,within_tol,1,
c44_酸菜白肉個人鍋,per_serving.sodium,within_tol,1,
c44_酸菜白肉個人鍋,serving_size,within_tol,1,
c44_酸菜白肉個人鍋,servings_per_container,within_tol,1,
c45_金沙烤豆腐義大利麵,is_food_label,correct,1,
c45_金沙烤豆腐義大利麵,name,exact,1,sim=1.00
c45_金沙烤豆腐義大利麵,brand,exact,1,sim=1.00
c45_金沙烤豆腐義大利麵,manufacturer,exact,1,sim=1.00
c45_金沙烤豆腐義大利麵,allergy_warning,exact,1,sim=1.00
c45_金沙烤豆腐義大利麵,ingredients_list,f1,0.92,tp=23 fp=2 fn=2
c45_金沙烤豆腐義大利麵,ingredients_flat,f1,0.905,tp=19 fp=2 fn=2
c45_金沙烤豆腐義大利麵,ingredients_raw,char_sim,0.593,
c45_金沙烤豆腐義大利麵,nutrition.calories,within_tol,1,
c45_金沙烤豆腐義大利麵,nutrition.protein,within_tol,1,
c45_金沙烤豆腐義大利麵,nutrition.fat,within_tol,1,
c45_金沙烤豆腐義大利麵,nutrition.saturated_fat,within_tol,1,
c45_金沙烤豆腐義大利麵,nutrition.trans_fat,within_tol,1,
c45_金沙烤豆腐義大利麵,nutrition.carbohydrates,within_tol,1,
c45_金沙烤豆腐義大利麵,nutrition.sugar,within_tol,1,
c45_金沙烤豆腐義大利麵,nutrition.sodium,within_tol,1,
c45_金沙烤豆腐義大利麵,per_serving.calories,within_tol,1,
c45_金沙烤豆腐義大利麵,per_serving.protein,within_tol,1,
c45_金沙烤豆腐義大利麵,per_serving.fat,within_tol,1,
c45_金沙烤豆腐義大利麵,per_serving.saturated_fat,within_tol,1,
c45_金沙烤豆腐義大利麵,per_serving.trans_fat,within_tol,1,
c45_金沙烤豆腐義大利麵,per_serving.carbohydrates,within_tol,1,
c45_金沙烤豆腐義大利麵,per_serving.sugar,within_tol,1,
c45_金沙烤豆腐義大利麵,per_serving.sodium,within_tol,1,
c45_金沙烤豆腐義大利麵,serving_size,within_tol,1,
c45_金沙烤豆腐義大利麵,servings_per_container,within_tol,1,
c46_雙拼起司紅醬焗飯,is_food_label,correct,1,
c46_雙拼起司紅醬焗飯,name,exact,0,sim=0.62
c46_雙拼起司紅醬焗飯,brand,exact,1,sim=1.00
c46_雙拼起司紅醬焗飯,manufacturer,exact,1,sim=1.00
c46_雙拼起司紅醬焗飯,allergy_warning,exact,0,sim=0.72
c46_雙拼起司紅醬焗飯,ingredients_list,f1,0.632,tp=18 fp=11 fn=10
c46_雙拼起司紅醬焗飯,ingredients_flat,f1,0.528,tp=14 fp=16 fn=9
c46_雙拼起司紅醬焗飯,ingredients_raw,char_sim,0.564,
c46_雙拼起司紅醬焗飯,nutrition.calories,within_tol,1,
c46_雙拼起司紅醬焗飯,nutrition.protein,within_tol,1,
c46_雙拼起司紅醬焗飯,nutrition.fat,within_tol,1,
c46_雙拼起司紅醬焗飯,nutrition.saturated_fat,within_tol,1,
c46_雙拼起司紅醬焗飯,nutrition.trans_fat,within_tol,1,
c46_雙拼起司紅醬焗飯,nutrition.carbohydrates,within_tol,1,
c46_雙拼起司紅醬焗飯,nutrition.sugar,within_tol,1,
c46_雙拼起司紅醬焗飯,nutrition.sodium,within_tol,1,
c46_雙拼起司紅醬焗飯,per_serving.calories,within_tol,1,
c46_雙拼起司紅醬焗飯,per_serving.protein,within_tol,1,
c46_雙拼起司紅醬焗飯,per_serving.fat,within_tol,1,
c46_雙拼起司紅醬焗飯,per_serving.saturated_fat,within_tol,1,
c46_雙拼起司紅醬焗飯,per_serving.trans_fat,within_tol,1,
c46_雙拼起司紅醬焗飯,per_serving.carbohydrates,within_tol,1,
c46_雙拼起司紅醬焗飯,per_serving.sugar,within_tol,1,
c46_雙拼起司紅醬焗飯,per_serving.sodium,within_tol,1,
c46_雙拼起司紅醬焗飯,serving_size,within_tol,1,
c46_雙拼起司紅醬焗飯,servings_per_container,within_tol,1,
c18_蝦味先原味,is_food_label,correct,1,
c18_蝦味先原味,name,exact,0,sim=0.50
c18_蝦味先原味,brand,exact,0,sim=0.50
c18_蝦味先原味,manufacturer,exact,0,sim=0.00
c18_蝦味先原味,allergy_warning,exact,0,sim=0.90
c18_蝦味先原味,ingredients_list,f1,0.647,tp=11 fp=10 fn=2
c18_蝦味先原味,ingredients_flat,f1,0.927,tp=19 fp=0 fn=3
c18_蝦味先原味,ingredients_raw,char_sim,1.0,
c18_蝦味先原味,per_serving.calories,within_tol,1,
c18_蝦味先原味,per_serving.protein,within_tol,1,
c18_蝦味先原味,per_serving.fat,within_tol,1,
c18_蝦味先原味,per_serving.saturated_fat,within_tol,1,
c18_蝦味先原味,per_serving.trans_fat,within_tol,1,
c18_蝦味先原味,per_serving.carbohydrates,within_tol,1,
c18_蝦味先原味,per_serving.sugar,within_tol,1,
c18_蝦味先原味,per_serving.sodium,within_tol,1,
c18_蝦味先原味,serving_size,within_tol,1,
c18_蝦味先原味,servings_per_container,within_tol,1,
c19_經典原味洋芋片,is_food_label,correct,1,
c19_經典原味洋芋片,name,exact,1,sim=1.00
c19_經典原味洋芋片,brand,exact,0,sim=0.29
c19_經典原味洋芋片,manufacturer,exact,1,sim=1.00
c19_經典原味洋芋片,ingredients_list,f1,0.667,tp=4 fp=3 fn=1
c19_經典原味洋芋片,ingredients_flat,f1,0.933,tp=7 fp=0 fn=1
c19_經典原味洋芋片,ingredients_raw,char_sim,0.652,
c19_經典原味洋芋片,nutrition.calories,within_tol,1,
c19_經典原味洋芋片,nutrition.protein,within_tol,1,
c19_經典原味洋芋片,nutrition.fat,within_tol,1,
c19_經典原味洋芋片,nutrition.saturated_fat,within_tol,1,
c19_經典原味洋芋片,nutrition.trans_fat,within_tol,1,
c19_經典原味洋芋片,nutrition.carbohydrates,within_tol,1,
c19_經典原味洋芋片,nutrition.sugar,within_tol,1,
c19_經典原味洋芋片,nutrition.sodium,within_tol,1,
c19_經典原味洋芋片,per_serving.calories,within_tol,1,
c19_經典原味洋芋片,per_serving.protein,within_tol,1,
c19_經典原味洋芋片,per_serving.fat,within_tol,1,
c19_經典原味洋芋片,per_serving.saturated_fat,within_tol,1,
c19_經典原味洋芋片,per_serving.trans_fat,within_tol,1,
c19_經典原味洋芋片,per_serving.carbohydrates,within_tol,1,
c19_經典原味洋芋片,per_serving.sugar,within_tol,1,
c19_經典原味洋芋片,per_serving.sodium,within_tol,1,
c19_經典原味洋芋片,serving_size,within_tol,1,
c19_經典原味洋芋片,servings_per_container,within_tol,1,
c20_海苔洋芋片,is_food_label,correct,1,
c20_海苔洋芋片,name,exact,0,sim=0.86
c20_海苔洋芋片,brand,exact,0,sim=0.29
c20_海苔洋芋片,manufacturer,exact,1,sim=1.00
c20_海苔洋芋片,allergy_warning,exact,0,sim=0.76
c20_海苔洋芋片,ingredients_list,f1,0.333,tp=3 fp=11 fn=1
c20_海苔洋芋片,ingredients_flat,f1,1.0,tp=19 fp=0 fn=0
c20_海苔洋芋片,ingredients_raw,char_sim,0.5,
c20_海苔洋芋片,nutrition.calories,within_tol,1,
c20_海苔洋芋片,nutrition.protein,within_tol,1,
c20_海苔洋芋片,nutrition.fat,within_tol,1,
c20_海苔洋芋片,nutrition.saturated_fat,within_tol,1,
c20_海苔洋芋片,nutrition.trans_fat,within_tol,1,
c20_海苔洋芋片,nutrition.carbohydrates,within_tol,1,
c20_海苔洋芋片,nutrition.sugar,within_tol,1,
c20_海苔洋芋片,nutrition.sodium,within_tol,1,
c20_海苔洋芋片,per_serving.calories,within_tol,1,
c20_海苔洋芋片,per_serving.protein,within_tol,1,
c20_海苔洋芋片,per_serving.fat,within_tol,1,
c20_海苔洋芋片,per_serving.saturated_fat,within_tol,1,
c20_海苔洋芋片,per_serving.trans_fat,within_tol,1,
c20_海苔洋芋片,per_serving.carbohydrates,within_tol,1,
c20_海苔洋芋片,per_serving.sugar,within_tol,1,
c20_海苔洋芋片,per_serving.sodium,within_tol,1,
c20_海苔洋芋片,serving_size,within_tol,1,
c20_海苔洋芋片,servings_per_container,within_tol,1,
c21_Pockey百奇草莓棒,is_food_label,correct,1,
c21_Pockey百奇草莓棒,name,exact,1,sim=1.00
c21_Pockey百奇草莓棒,brand,exact,0,sim=0.20
c21_Pockey百奇草莓棒,manufacturer,exact,1,sim=1.00
c21_Pockey百奇草莓棒,allergy_warning,exact,0,sim=0.93
c21_Pockey百奇草莓棒,ingredients_list,f1,1.0,tp=14 fp=0 fn=0
c21_Pockey百奇草莓棒,ingredients_flat,f1,1.0,tp=17 fp=0 fn=0
c21_Pockey百奇草莓棒,ingredients_raw,char_sim,0.95,
c21_Pockey百奇草莓棒,nutrition.calories,within_tol,1,
c21_Pockey百奇草莓棒,nutrition.protein,within_tol,1,
c21_Pockey百奇草莓棒,nutrition.fat,within_tol,1,
c21_Pockey百奇草莓棒,nutrition.saturated_fat,within_tol,1,
c21_Pockey百奇草莓棒,nutrition.trans_fat,within_tol,1,
c21_Pockey百奇草莓棒,nutrition.carbohydrates,within_tol,1,
c21_Pockey百奇草莓棒,nutrition.sugar,within_tol,1,
c21_Pockey百奇草莓棒,nutrition.sodium,within_tol,1,
c21_Pockey百奇草莓棒,per_serving.calories,within_tol,1,
c21_Pockey百奇草莓棒,per_serving.protein,within_tol,1,
c21_Pockey百奇草莓棒,per_serving.fat,within_tol,1,
c21_Pockey百奇草莓棒,per_serving.saturated_fat,within_tol,1,
c21_Pockey百奇草莓棒,per_serving.trans_fat,within_tol,1,
c21_Pockey百奇草莓棒,per_serving.carbohydrates,within_tol,1,
c21_Pockey百奇草莓棒,per_serving.sugar,within_tol,1,
c21_Pockey百奇草莓棒,per_serving.sodium,within_tol,1,
c21_Pockey百奇草莓棒,serving_size,within_tol,1,
c21_Pockey百奇草莓棒,servings_per_container,within_tol,1,
c28_北海鱈魚香絲,is_food_label,correct,1,
c28_北海鱈魚香絲,name,exact,1,sim=1.00
c28_北海鱈魚香絲,brand,exact,0,sim=0.00
c28_北海鱈魚香絲,manufacturer,exact,1,sim=1.00
c28_北海鱈魚香絲,allergy_warning,exact,0,sim=0.96
c28_北海鱈魚香絲,ingredients_list,f1,0.903,tp=14 fp=1 fn=2
c28_北海鱈魚香絲,ingredients_flat,f1,0.917,tp=22 fp=1 fn=3
c28_北海鱈魚香絲,ingredients_raw,char_sim,0.904,
c28_北海鱈魚香絲,nutrition.calories,within_tol,1,
c28_北海鱈魚香絲,nutrition.protein,within_tol,1,
c28_北海鱈魚香絲,nutrition.fat,within_tol,1,
c28_北海鱈魚香絲,nutrition.saturated_fat,within_tol,1,
c28_北海鱈魚香絲,nutrition.trans_fat,within_tol,1,
c28_北海鱈魚香絲,nutrition.carbohydrates,within_tol,1,
c28_北海鱈魚香絲,nutrition.sugar,within_tol,1,
c28_北海鱈魚香絲,nutrition.sodium,within_tol,1,
c28_北海鱈魚香絲,per_serving.calories,within_tol,1,
c28_北海鱈魚香絲,per_serving.protein,within_tol,1,
c28_北海鱈魚香絲,per_serving.fat,within_tol,1,
c28_北海鱈魚香絲,per_serving.saturated_fat,within_tol,1,
c28_北海鱈魚香絲,per_serving.trans_fat,within_tol,1,
c28_北海鱈魚香絲,per_serving.carbohydrates,within_tol,1,
c28_北海鱈魚香絲,per_serving.sugar,within_tol,1,
c28_北海鱈魚香絲,per_serving.sodium,within_tol,1,
c28_北海鱈魚香絲,serving_size,within_tol,1,
c28_北海鱈魚香絲,servings_per_container,within_tol,1,
c32_奧利奧捲心酥-巧克力口味,is_food_label,correct,1,
c32_奧利奧捲心酥-巧克力口味,name,exact,1,sim=1.00
c32_奧利奧捲心酥-巧克力口味,brand,exact,1,sim=1.00
c32_奧利奧捲心酥-巧克力口味,manufacturer,exact,1,sim=1.00
c32_奧利奧捲心酥-巧克力口味,allergy_warning,exact,0,sim=0.77
c32_奧利奧捲心酥-巧克力口味,ingredients_list,f1,0.917,tp=11 fp=1 fn=1
c32_奧利奧捲心酥-巧克力口味,ingredients_flat,f1,0.929,tp=13 fp=1 fn=1
c32_奧利奧捲心酥-巧克力口味,ingredients_raw,char_sim,0.895,
c32_奧利奧捲心酥-巧克力口味,nutrition.calories,within_tol,1,
c32_奧利奧捲心酥-巧克力口味,nutrition.protein,within_tol,1,
c32_奧利奧捲心酥-巧克力口味,nutrition.fat,within_tol,1,
c32_奧利奧捲心酥-巧克力口味,nutrition.saturated_fat,within_tol,1,
c32_奧利奧捲心酥-巧克力口味,nutrition.trans_fat,within_tol,1,
c32_奧利奧捲心酥-巧克力口味,nutrition.carbohydrates,within_tol,1,
c32_奧利奧捲心酥-巧克力口味,nutrition.sugar,within_tol,1,
c32_奧利奧捲心酥-巧克力口味,nutrition.sodium,within_tol,1,
c32_奧利奧捲心酥-巧克力口味,per_serving.calories,within_tol,1,
c32_奧利奧捲心酥-巧克力口味,per_serving.protein,within_tol,1,
c32_奧利奧捲心酥-巧克力口味,per_serving.fat,within_tol,1,
c32_奧利奧捲心酥-巧克力口味,per_serving.saturated_fat,within_tol,1,
c32_奧利奧捲心酥-巧克力口味,per_serving.trans_fat,within_tol,1,
c32_奧利奧捲心酥-巧克力口味,per_serving.carbohydrates,within_tol,1,
c32_奧利奧捲心酥-巧克力口味,per_serving.sugar,within_tol,1,
c32_奧利奧捲心酥-巧克力口味,per_serving.sodium,within_tol,1,
c32_奧利奧捲心酥-巧克力口味,serving_size,within_tol,1,
c32_奧利奧捲心酥-巧克力口味,servings_per_container,within_tol,1,
c33_手摘果物-無籽梅肉,is_food_label,correct,1,
c33_手摘果物-無籽梅肉,name,exact,0,sim=0.19
c33_手摘果物-無籽梅肉,brand,exact,1,sim=1.00
c33_手摘果物-無籽梅肉,manufacturer,exact,1,sim=1.00
c33_手摘果物-無籽梅肉,allergy_warning,exact,0,sim=0.49
c33_手摘果物-無籽梅肉,ingredients_list,f1,0.556,tp=5 fp=6 fn=2
c33_手摘果物-無籽梅肉,ingredients_flat,f1,0.87,tp=10 fp=1 fn=2
c33_手摘果物-無籽梅肉,ingredients_raw,char_sim,0.842,
c33_手摘果物-無籽梅肉,nutrition.calories,within_tol,1,
c33_手摘果物-無籽梅肉,nutrition.protein,within_tol,1,
c33_手摘果物-無籽梅肉,nutrition.fat,within_tol,1,
c33_手摘果物-無籽梅肉,nutrition.saturated_fat,within_tol,1,
c33_手摘果物-無籽梅肉,nutrition.trans_fat,within_tol,1,
c33_手摘果物-無籽梅肉,nutrition.carbohydrates,within_tol,1,
c33_手摘果物-無籽梅肉,nutrition.sugar,within_tol,1,
c33_手摘果物-無籽梅肉,nutrition.sodium,within_tol,1,
c33_手摘果物-無籽梅肉,per_serving.calories,within_tol,1,
c33_手摘果物-無籽梅肉,per_serving.protein,within_tol,1,
c33_手摘果物-無籽梅肉,per_serving.fat,within_tol,1,
c33_手摘果物-無籽梅肉,per_serving.saturated_fat,within_tol,1,
c33_手摘果物-無籽梅肉,per_serving.trans_fat,within_tol,1,
c33_手摘果物-無籽梅肉,per_serving.carbohydrates,within_tol,1,
c33_手摘果物-無籽梅肉,per_serving.sugar,within_tol,1,
c33_手摘果物-無籽梅肉,per_serving.sodium,within_tol,1,
c33_手摘果物-無籽梅肉,serving_size,within_tol,1,
c33_手摘果物-無籽梅肉,servings_per_container,within_tol,1,
c38_科學麵,is_food_label,correct,1,
c38_科學麵,brand,exact,1,sim=1.00
c38_科學麵,manufacturer,exact,1,sim=1.00
c38_科學麵,allergy_warning,exact,1,sim=1.00
c38_科學麵,ingredients_list,f1,0.578,tp=13 fp=8 fn=11
c38_科學麵,ingredients_flat,f1,0.623,tp=19 fp=13 fn=10
c38_科學麵,ingredients_raw,char_sim,0.493,
c38_科學麵,nutrition.calories,within_tol,1,
c38_科學麵,nutrition.protein,within_tol,1,
c38_科學麵,nutrition.fat,within_tol,1,
c38_科學麵,nutrition.saturated_fat,within_tol,1,
c38_科學麵,nutrition.trans_fat,within_tol,1,
c38_科學麵,nutrition.carbohydrates,within_tol,1,
c38_科學麵,nutrition.sugar,within_tol,1,
c38_科學麵,nutrition.sodium,within_tol,1,
c38_科學麵,per_serving.calories,within_tol,1,
c38_科學麵,per_serving.protein,within_tol,1,
c38_科學麵,per_serving.fat,within_tol,1,
c38_科學麵,per_serving.saturated_fat,within_tol,1,
c38_科學麵,per_serving.trans_fat,within_tol,1,
c38_科學麵,per_serving.carbohydrates,within_tol,1,
c38_科學麵,per_serving.sugar,within_tol,1,
c38_科學麵,per_serving.sodium,within_tol,1,
c38_科學麵,serving_size,within_tol,1,
c38_科學麵,servings_per_container,within_tol,1,
c38_科學麵,certification_marks,f1,1.0,
c22_UNCLELEMON蜂蜜檸檬風味膠囊,is_food_label,correct,1,
c22_UNCLELEMON蜂蜜檸檬風味膠囊,name,exact,0,sim=0.94
c22_UNCLELEMON蜂蜜檸檬風味膠囊,brand,exact,0,sim=0.88
c22_UNCLELEMON蜂蜜檸檬風味膠囊,manufacturer,exact,1,sim=1.00
c22_UNCLELEMON蜂蜜檸檬風味膠囊,ingredients_list,f1,1.0,tp=3 fp=0 fn=0
c22_UNCLELEMON蜂蜜檸檬風味膠囊,ingredients_flat,f1,1.0,tp=3 fp=0 fn=0
c22_UNCLELEMON蜂蜜檸檬風味膠囊,ingredients_raw,char_sim,1.0,
c22_UNCLELEMON蜂蜜檸檬風味膠囊,nutrition.calories,within_tol,1,
c22_UNCLELEMON蜂蜜檸檬風味膠囊,nutrition.protein,within_tol,1,
c22_UNCLELEMON蜂蜜檸檬風味膠囊,nutrition.fat,within_tol,1,
c22_UNCLELEMON蜂蜜檸檬風味膠囊,nutrition.saturated_fat,within_tol,1,
c22_UNCLELEMON蜂蜜檸檬風味膠囊,nutrition.trans_fat,within_tol,1,
c22_UNCLELEMON蜂蜜檸檬風味膠囊,nutrition.carbohydrates,within_tol,1,
c22_UNCLELEMON蜂蜜檸檬風味膠囊,nutrition.sugar,within_tol,1,
c22_UNCLELEMON蜂蜜檸檬風味膠囊,nutrition.sodium,within_tol,1,
c22_UNCLELEMON蜂蜜檸檬風味膠囊,per_serving.calories,within_tol,1,
c22_UNCLELEMON蜂蜜檸檬風味膠囊,per_serving.protein,within_tol,1,
c22_UNCLELEMON蜂蜜檸檬風味膠囊,per_serving.fat,within_tol,1,
c22_UNCLELEMON蜂蜜檸檬風味膠囊,per_serving.saturated_fat,within_tol,1,
c22_UNCLELEMON蜂蜜檸檬風味膠囊,per_serving.trans_fat,within_tol,1,
c22_UNCLELEMON蜂蜜檸檬風味膠囊,per_serving.carbohydrates,within_tol,1,
c22_UNCLELEMON蜂蜜檸檬風味膠囊,per_serving.sugar,within_tol,1,
c22_UNCLELEMON蜂蜜檸檬風味膠囊,per_serving.sodium,within_tol,1,
c22_UNCLELEMON蜂蜜檸檬風味膠囊,serving_size,within_tol,1,
c22_UNCLELEMON蜂蜜檸檬風味膠囊,servings_per_container,within_tol,1,
c23_in果凍,is_food_label,correct,1,
c23_in果凍,name,exact,1,sim=1.00
c23_in果凍,brand,exact,0,sim=0.50
c23_in果凍,manufacturer,exact,1,sim=1.00
c23_in果凍,allergy_warning,exact,1,sim=1.00
c23_in果凍,ingredients_list,f1,0.773,tp=17 fp=6 fn=4
c23_in果凍,ingredients_flat,f1,0.821,tp=23 fp=5 fn=5
c23_in果凍,ingredients_raw,char_sim,0.782,
c23_in果凍,nutrition.calories,within_tol,1,
c23_in果凍,nutrition.protein,within_tol,1,
c23_in果凍,nutrition.fat,within_tol,1,
c23_in果凍,nutrition.saturated_fat,within_tol,1,
c23_in果凍,nutrition.trans_fat,within_tol,1,
c23_in果凍,nutrition.carbohydrates,within_tol,1,
c23_in果凍,nutrition.sugar,within_tol,1,
c23_in果凍,nutrition.fiber,within_tol,1,
c23_in果凍,nutrition.sodium,within_tol,1,
c23_in果凍,per_serving.calories,within_tol,1,
c23_in果凍,per_serving.protein,within_tol,1,
c23_in果凍,per_serving.fat,within_tol,1,
c23_in果凍,per_serving.saturated_fat,within_tol,1,
c23_in果凍,per_serving.trans_fat,within_tol,1,
c23_in果凍,per_serving.carbohydrates,within_tol,1,
c23_in果凍,per_serving.sugar,within_tol,1,
c23_in果凍,per_serving.fiber,within_tol,1,
c23_in果凍,per_serving.sodium,within_tol,1,
c23_in果凍,serving_size,within_tol,1,
c23_in果凍,servings_per_container,within_tol,1,
